--
-- PostgreSQL database dump
--

\restrict UC47eVD4YVNNqyeKaIsk1ptp1J3BB2BrDqjIVSpp6nkqKgvaPgA2J3S9acFObPo

-- Dumped from database version 16.13
-- Dumped by pg_dump version 16.13

SET statement_timeout = 0;
SET lock_timeout = 0;
SET idle_in_transaction_session_timeout = 0;
SET client_encoding = 'UTF8';
SET standard_conforming_strings = on;
SELECT pg_catalog.set_config('search_path', '', false);
SET check_function_bodies = false;
SET xmloption = content;
SET client_min_messages = warning;
SET row_security = off;

DROP DATABASE IF EXISTS bytik;
--
-- Name: bytik; Type: DATABASE; Schema: -; Owner: bytik
--

CREATE DATABASE bytik WITH TEMPLATE = template0 ENCODING = 'UTF8' LOCALE_PROVIDER = libc LOCALE = 'en_US.utf8';


ALTER DATABASE bytik OWNER TO bytik;

\unrestrict UC47eVD4YVNNqyeKaIsk1ptp1J3BB2BrDqjIVSpp6nkqKgvaPgA2J3S9acFObPo
\connect bytik
\restrict UC47eVD4YVNNqyeKaIsk1ptp1J3BB2BrDqjIVSpp6nkqKgvaPgA2J3S9acFObPo

SET statement_timeout = 0;
SET lock_timeout = 0;
SET idle_in_transaction_session_timeout = 0;
SET client_encoding = 'UTF8';
SET standard_conforming_strings = on;
SELECT pg_catalog.set_config('search_path', '', false);
SET check_function_bodies = false;
SET xmloption = content;
SET client_min_messages = warning;
SET row_security = off;

--
-- Name: public; Type: SCHEMA; Schema: -; Owner: bytik
--

-- *not* creating schema, since initdb creates it


ALTER SCHEMA public OWNER TO bytik;

--
-- Name: SCHEMA public; Type: COMMENT; Schema: -; Owner: bytik
--

COMMENT ON SCHEMA public IS '';


SET default_tablespace = '';

SET default_table_access_method = heap;

--
-- Name: achievements; Type: TABLE; Schema: public; Owner: bytik
--

CREATE TABLE public.achievements (
    id bigint NOT NULL,
    condition_type character varying(255),
    condition_value integer NOT NULL,
    description character varying(255),
    icon_url character varying(255),
    title character varying(255),
    CONSTRAINT achievements_condition_type_check CHECK (((condition_type)::text = ANY ((ARRAY['LESSONS_COMPLETED'::character varying, 'XP_EARNED'::character varying, 'COURSE_FINISHED'::character varying, 'STREAK'::character varying, 'QUIZZES_PERFECT'::character varying, 'CODE_TASKS_COMPLETED'::character varying, 'BYTES_EARNED'::character varying, 'ACHIEVEMENTS_COUNT'::character varying])::text[])))
);


ALTER TABLE public.achievements OWNER TO bytik;

--
-- Name: achievements_id_seq; Type: SEQUENCE; Schema: public; Owner: bytik
--

ALTER TABLE public.achievements ALTER COLUMN id ADD GENERATED BY DEFAULT AS IDENTITY (
    SEQUENCE NAME public.achievements_id_seq
    START WITH 1
    INCREMENT BY 1
    NO MINVALUE
    NO MAXVALUE
    CACHE 1
);


--
-- Name: certificates; Type: TABLE; Schema: public; Owner: bytik
--

CREATE TABLE public.certificates (
    id bigint NOT NULL,
    certificate_number character varying(255),
    issued_at timestamp(6) without time zone,
    course_id bigint,
    user_id bigint
);


ALTER TABLE public.certificates OWNER TO bytik;

--
-- Name: certificates_id_seq; Type: SEQUENCE; Schema: public; Owner: bytik
--

ALTER TABLE public.certificates ALTER COLUMN id ADD GENERATED BY DEFAULT AS IDENTITY (
    SEQUENCE NAME public.certificates_id_seq
    START WITH 1
    INCREMENT BY 1
    NO MINVALUE
    NO MAXVALUE
    CACHE 1
);


--
-- Name: code_tasks; Type: TABLE; Schema: public; Owner: bytik
--

CREATE TABLE public.code_tasks (
    id bigint NOT NULL,
    description text,
    expected_output text,
    hint text,
    initial_code text,
    lesson_id bigint
);


ALTER TABLE public.code_tasks OWNER TO bytik;

--
-- Name: code_tasks_id_seq; Type: SEQUENCE; Schema: public; Owner: bytik
--

ALTER TABLE public.code_tasks ALTER COLUMN id ADD GENERATED BY DEFAULT AS IDENTITY (
    SEQUENCE NAME public.code_tasks_id_seq
    START WITH 1
    INCREMENT BY 1
    NO MINVALUE
    NO MAXVALUE
    CACHE 1
);


--
-- Name: courses; Type: TABLE; Schema: public; Owner: bytik
--

CREATE TABLE public.courses (
    id bigint NOT NULL,
    age_from integer NOT NULL,
    age_to integer NOT NULL,
    description character varying(255),
    difficulty character varying(255),
    image_url character varying(255),
    order_index integer NOT NULL,
    title character varying(255),
    total_bytes_reward integer NOT NULL,
    CONSTRAINT courses_difficulty_check CHECK (((difficulty)::text = ANY ((ARRAY['BEGINNER'::character varying, 'INTERMEDIATE'::character varying, 'ADVANCED'::character varying])::text[])))
);


ALTER TABLE public.courses OWNER TO bytik;

--
-- Name: courses_id_seq; Type: SEQUENCE; Schema: public; Owner: bytik
--

ALTER TABLE public.courses ALTER COLUMN id ADD GENERATED BY DEFAULT AS IDENTITY (
    SEQUENCE NAME public.courses_id_seq
    START WITH 1
    INCREMENT BY 1
    NO MINVALUE
    NO MAXVALUE
    CACHE 1
);


--
-- Name: lessons; Type: TABLE; Schema: public; Owner: bytik
--

CREATE TABLE public.lessons (
    id bigint NOT NULL,
    bytes_reward integer NOT NULL,
    content text,
    lesson_type character varying(255),
    order_index integer NOT NULL,
    title character varying(255),
    xp_reward integer NOT NULL,
    module_id bigint,
    CONSTRAINT lessons_lesson_type_check CHECK (((lesson_type)::text = ANY ((ARRAY['THEORY'::character varying, 'PRACTICE'::character varying, 'QUIZ'::character varying, 'PROJECT'::character varying])::text[])))
);


ALTER TABLE public.lessons OWNER TO bytik;

--
-- Name: lessons_id_seq; Type: SEQUENCE; Schema: public; Owner: bytik
--

ALTER TABLE public.lessons ALTER COLUMN id ADD GENERATED BY DEFAULT AS IDENTITY (
    SEQUENCE NAME public.lessons_id_seq
    START WITH 1
    INCREMENT BY 1
    NO MINVALUE
    NO MAXVALUE
    CACHE 1
);


--
-- Name: modules; Type: TABLE; Schema: public; Owner: bytik
--

CREATE TABLE public.modules (
    id bigint NOT NULL,
    description character varying(255),
    order_index integer NOT NULL,
    title character varying(255),
    course_id bigint
);


ALTER TABLE public.modules OWNER TO bytik;

--
-- Name: modules_id_seq; Type: SEQUENCE; Schema: public; Owner: bytik
--

ALTER TABLE public.modules ALTER COLUMN id ADD GENERATED BY DEFAULT AS IDENTITY (
    SEQUENCE NAME public.modules_id_seq
    START WITH 1
    INCREMENT BY 1
    NO MINVALUE
    NO MAXVALUE
    CACHE 1
);


--
-- Name: quiz_options; Type: TABLE; Schema: public; Owner: bytik
--

CREATE TABLE public.quiz_options (
    id bigint NOT NULL,
    is_correct boolean NOT NULL,
    option_text character varying(255),
    question_id bigint
);


ALTER TABLE public.quiz_options OWNER TO bytik;

--
-- Name: quiz_options_id_seq; Type: SEQUENCE; Schema: public; Owner: bytik
--

ALTER TABLE public.quiz_options ALTER COLUMN id ADD GENERATED BY DEFAULT AS IDENTITY (
    SEQUENCE NAME public.quiz_options_id_seq
    START WITH 1
    INCREMENT BY 1
    NO MINVALUE
    NO MAXVALUE
    CACHE 1
);


--
-- Name: quiz_questions; Type: TABLE; Schema: public; Owner: bytik
--

CREATE TABLE public.quiz_questions (
    id bigint NOT NULL,
    order_index integer NOT NULL,
    question_text text,
    question_type character varying(255),
    lesson_id bigint,
    CONSTRAINT quiz_questions_question_type_check CHECK (((question_type)::text = ANY ((ARRAY['SINGLE_CHOICE'::character varying, 'MULTIPLE_CHOICE'::character varying, 'CODE'::character varying])::text[])))
);


ALTER TABLE public.quiz_questions OWNER TO bytik;

--
-- Name: quiz_questions_id_seq; Type: SEQUENCE; Schema: public; Owner: bytik
--

ALTER TABLE public.quiz_questions ALTER COLUMN id ADD GENERATED BY DEFAULT AS IDENTITY (
    SEQUENCE NAME public.quiz_questions_id_seq
    START WITH 1
    INCREMENT BY 1
    NO MINVALUE
    NO MAXVALUE
    CACHE 1
);


--
-- Name: user_achievements; Type: TABLE; Schema: public; Owner: bytik
--

CREATE TABLE public.user_achievements (
    id bigint NOT NULL,
    earned_at timestamp(6) without time zone,
    achievement_id bigint,
    user_id bigint
);


ALTER TABLE public.user_achievements OWNER TO bytik;

--
-- Name: user_achievements_id_seq; Type: SEQUENCE; Schema: public; Owner: bytik
--

ALTER TABLE public.user_achievements ALTER COLUMN id ADD GENERATED BY DEFAULT AS IDENTITY (
    SEQUENCE NAME public.user_achievements_id_seq
    START WITH 1
    INCREMENT BY 1
    NO MINVALUE
    NO MAXVALUE
    CACHE 1
);


--
-- Name: user_code_submissions; Type: TABLE; Schema: public; Owner: bytik
--

CREATE TABLE public.user_code_submissions (
    id bigint NOT NULL,
    is_correct boolean NOT NULL,
    output text,
    submitted_at timestamp(6) without time zone,
    submitted_code text,
    code_task_id bigint,
    user_id bigint
);


ALTER TABLE public.user_code_submissions OWNER TO bytik;

--
-- Name: user_code_submissions_id_seq; Type: SEQUENCE; Schema: public; Owner: bytik
--

ALTER TABLE public.user_code_submissions ALTER COLUMN id ADD GENERATED BY DEFAULT AS IDENTITY (
    SEQUENCE NAME public.user_code_submissions_id_seq
    START WITH 1
    INCREMENT BY 1
    NO MINVALUE
    NO MAXVALUE
    CACHE 1
);


--
-- Name: user_course_enrollment; Type: TABLE; Schema: public; Owner: bytik
--

CREATE TABLE public.user_course_enrollment (
    id bigint NOT NULL,
    completed_at timestamp(6) without time zone,
    enrolled_at timestamp(6) without time zone,
    progress_percent integer NOT NULL,
    course_id bigint,
    user_id bigint
);


ALTER TABLE public.user_course_enrollment OWNER TO bytik;

--
-- Name: user_course_enrollment_id_seq; Type: SEQUENCE; Schema: public; Owner: bytik
--

ALTER TABLE public.user_course_enrollment ALTER COLUMN id ADD GENERATED BY DEFAULT AS IDENTITY (
    SEQUENCE NAME public.user_course_enrollment_id_seq
    START WITH 1
    INCREMENT BY 1
    NO MINVALUE
    NO MAXVALUE
    CACHE 1
);


--
-- Name: user_progress; Type: TABLE; Schema: public; Owner: bytik
--

CREATE TABLE public.user_progress (
    id bigint NOT NULL,
    completed_at timestamp(6) without time zone,
    score integer NOT NULL,
    status character varying(255),
    lesson_id bigint,
    user_id bigint,
    CONSTRAINT user_progress_status_check CHECK (((status)::text = ANY ((ARRAY['IN_PROGRESS'::character varying, 'COMPLETED'::character varying])::text[])))
);


ALTER TABLE public.user_progress OWNER TO bytik;

--
-- Name: user_progress_id_seq; Type: SEQUENCE; Schema: public; Owner: bytik
--

ALTER TABLE public.user_progress ALTER COLUMN id ADD GENERATED BY DEFAULT AS IDENTITY (
    SEQUENCE NAME public.user_progress_id_seq
    START WITH 1
    INCREMENT BY 1
    NO MINVALUE
    NO MAXVALUE
    CACHE 1
);


--
-- Name: users; Type: TABLE; Schema: public; Owner: bytik
--

CREATE TABLE public.users (
    id bigint NOT NULL,
    avatar_url character varying(255),
    bytes_balance integer NOT NULL,
    created_at timestamp(6) without time zone,
    full_name character varying(255),
    level integer NOT NULL,
    login character varying(255),
    password_hash character varying(255),
    phone character varying(255),
    role character varying(255),
    xp integer NOT NULL,
    parent_id bigint,
    CONSTRAINT users_role_check CHECK (((role)::text = ANY ((ARRAY['STUDENT'::character varying, 'PARENT'::character varying])::text[])))
);


ALTER TABLE public.users OWNER TO bytik;

--
-- Name: users_id_seq; Type: SEQUENCE; Schema: public; Owner: bytik
--

ALTER TABLE public.users ALTER COLUMN id ADD GENERATED BY DEFAULT AS IDENTITY (
    SEQUENCE NAME public.users_id_seq
    START WITH 1
    INCREMENT BY 1
    NO MINVALUE
    NO MAXVALUE
    CACHE 1
);


--
-- Data for Name: achievements; Type: TABLE DATA; Schema: public; Owner: bytik
--

COPY public.achievements (id, condition_type, condition_value, description, icon_url, title) FROM stdin;
1	LESSONS_COMPLETED	1	Выполни свой первый урок	🎯	Первый шаг
2	LESSONS_COMPLETED	5	Выполни 5 уроков	🧠	Пытливый ум
3	LESSONS_COMPLETED	10	Выполни 10 уроков	📚	Знаток
4	COURSE_FINISHED	1	Заверши свой первый курс	💻	Программист
5	QUIZZES_PERFECT	1	Пройди квиз на 100%	✨	Безошибочный
6	CODE_TASKS_COMPLETED	3	Реши 3 задачи по коду	⌨️	Кодер
7	BYTES_EARNED	100	Накопи 100 байтиков	💰	Богач
8	ACHIEVEMENTS_COUNT	3	Получи 3 достижения	🏅	Коллекционер
\.


--
-- Data for Name: certificates; Type: TABLE DATA; Schema: public; Owner: bytik
--

COPY public.certificates (id, certificate_number, issued_at, course_id, user_id) FROM stdin;
\.


--
-- Data for Name: code_tasks; Type: TABLE DATA; Schema: public; Owner: bytik
--

COPY public.code_tasks (id, description, expected_output, hint, initial_code, lesson_id) FROM stdin;
1	Напиши программу, которая выводит 'Привет, мир!'	Привет, мир!	Используй print("Привет, мир!")	# Напиши свой код здесь\n	2
2	Создай переменную name со значением 'Байтик' и выведи 'Привет, Байтик!'	Привет, Байтик!	name = 'Байтик'\nprint(f'Привет, {name}!')	name = \n# Выведи приветствие\n	5
3	Напиши программу: если число 10 больше 5, выведи 'Да', иначе 'Нет'	Да	if 10 > 5:\n    print('Да')\nelse:\n    print('Нет')	# Проверь условие\n	8
4	Напиши калькулятор: вычисли и выведи результат 15 + 27	42	\N	# Твой калькулятор\n	10
5	Выведи числа от 1 до 5, каждое на новой строке	1\n2\n3\n4\n5	for i in range(1, 6):\n    print(i)	# Используй цикл\n	12
\.


--
-- Data for Name: courses; Type: TABLE DATA; Schema: public; Owner: bytik
--

COPY public.courses (id, age_from, age_to, description, difficulty, image_url, order_index, title, total_bytes_reward) FROM stdin;
1	11	15	Изучи основы программирования на Python — один из самых популярных и простых языков в мире!	BEGINNER	/images/python-course.png	1	Python для начинающих	100
2	7	10	Познакомься с компьютерами и цифровым миром в игровой форме!	BEGINNER	/images/digital-course.png	2	Цифровая грамотность	30
\.


--
-- Data for Name: lessons; Type: TABLE DATA; Schema: public; Owner: bytik
--

COPY public.lessons (id, bytes_reward, content, lesson_type, order_index, title, xp_reward, module_id) FROM stdin;
1	5	# Что такое программирование?\n\nПрограммирование — это способ общения с компьютером. Мы пишем **инструкции** на специальном языке, и компьютер их выполняет.\n\n## Зачем учить программирование?\n- Создавать игры и приложения\n- Автоматизировать скучные задачи\n- Понимать как работают технологии вокруг нас\n\n## Что такое Python?\nPython — один из самых популярных языков программирования. Его легко читать и писать, поэтому он идеально подходит для начинающих!\n\n```python\nprint("Привет, мир!")\n```\n\nЭта простая строчка выводит текст на экран. Попробуй сам в следующем уроке!	THEORY	1	Что такое программирование?	10	1
2	15	# Твоя первая программа\n\nНапиши программу, которая выводит `Привет, мир!` на экран.\n\nИспользуй функцию `print()` — она выводит текст в консоль.	PRACTICE	2	Твоя первая программа	30	1
3	10	Ответь на вопросы и проверь свои знания!	QUIZ	3	Проверь себя: основы	20	1
4	5	# Что такое переменные?\n\nПеременная — это контейнер для хранения данных. Представь её как коробку с именем.\n\n```python\nname = "Байтик"\nage = 11\nheight = 1.5\n```\n\n## Типы данных\n- **str** — строки: `"Привет"`, `'Байтик'`\n- **int** — целые числа: `5`, `42`, `-10`\n- **float** — дробные числа: `3.14`, `1.5`\n- **bool** — логические значения: `True`, `False`\n\n## F-строки — удобный способ вставить переменную в текст\n\n```python\nname = "Байтик"\nage = 11\nprint(f"Меня зовут {name}, мне {age} лет")\n```\n\nРезультат: `Меня зовут Байтик, мне 11 лет`	THEORY	4	Что такое переменные?	10	2
5	15	# Работа с переменными\n\nСоздай переменную `name` со значением `'Байтик'` и выведи приветствие: `Привет, Байтик!`	PRACTICE	5	Работа с переменными	30	2
6	10	Проверь свои знания о переменных!	QUIZ	6	Проверь себя: переменные	20	2
7	5	# Условные операторы\n\nУсловные операторы позволяют программе принимать решения.\n\n```python\nage = 12\n\nif age >= 10:\n    print("Ты можешь учиться программированию!")\nelse:\n    print("Ты ещё маленький, но скоро сможешь!")\n```\n\n## elif — несколько условий\n\n```python\nscore = 85\n\nif score >= 90:\n    print("Отлично!")\nelif score >= 70:\n    print("Хорошо!")\nelse:\n    print("Нужно постараться")\n```\n\n## Операторы сравнения\n- `==` — равно\n- `!=` — не равно\n- `>` — больше\n- `<` — меньше\n- `>=` — больше или равно\n- `<=` — меньше или равно	THEORY	7	Условные операторы if/else	10	3
8	15	# Практика: условия\n\nНапиши программу: если число 10 больше 5, выведи 'Да', иначе 'Нет'	PRACTICE	8	Практика: условия	30	3
9	10	Проверь свои знания о условных операторах!	QUIZ	9	Проверь себя: условия	20	3
10	25	# Мини-проект: Калькулятор\n\nНапиши программу которая вычисляет и выводит результат 15 + 27	PROJECT	10	Мини-проект: Калькулятор	50	3
11	5	# Циклы\n\nЦикл позволяет выполнять код несколько раз.\n\n## Цикл for\n\n```python\nfor i in range(5):\n    print(i)\n```\n\nВыведет числа от 0 до 4.\n\n```python\nfor i in range(1, 6):\n    print(i)\n```\n\nВыведет числа от 1 до 5.\n\n## Цикл while\n\n```python\ncount = 1\nwhile count <= 5:\n    print(count)\n    count += 1\n```\n\nЦикл while выполняется пока условие истинно.\n\n## range()\n- `range(5)` — числа от 0 до 4\n- `range(1, 6)` — числа от 1 до 5\n- `range(0, 10, 2)` — чётные числа от 0 до 8	THEORY	11	Циклы for и while	10	4
12	15	# Практика: циклы\n\nВыведи числа от 1 до 5, каждое на новой строке	PRACTICE	12	Практика: циклы	30	4
13	10	Проверь свои знания о циклах!	QUIZ	13	Проверь себя: циклы	20	4
14	5	# Что такое компьютер?\n\nКомпьютер — это умная машина, которая помогает нам учиться, играть и работать!\n\n## Части компьютера\n\n🖥️ **Монитор** — это экран, на котором ты видишь всё что происходит.\n\n⌨️ **Клавиатура** — с её помощью ты печатаешь буквы и цифры.\n\n🖱️ **Мышь** — помогает выбирать предметы на экране.\n\n🔲 **Системный блок** — это "мозг" компьютера, здесь хранятся все данные.\n\n## Что умеет компьютер?\n- Помогать учиться\n- Запускать игры\n- Рисовать картинки\n- Воспроизводить музыку и видео\n- Общаться с людьми в интернете\n\nКомпьютер делает только то, что ему говорят. Чтобы говорить с компьютером, нужно знать специальный язык — **язык программирования**!	THEORY	1	Что такое компьютер?	10	5
15	8	Покажи что ты узнал о компьютерах!	QUIZ	2	Проверь себя: компьютеры	15	5
\.


--
-- Data for Name: modules; Type: TABLE DATA; Schema: public; Owner: bytik
--

COPY public.modules (id, description, order_index, title, course_id) FROM stdin;
1	Узнай, что такое программирование и сделай первые шаги с Python	1	Знакомство с Python	1
2	Узнай как хранить и использовать данные в программах	2	Переменные и типы данных	1
3	Научись принимать решения в программах с помощью if/else	3	Условные операторы	1
4	Научись повторять действия с помощью циклов for и while	4	Циклы	1
5	Узнай что такое компьютер и как он работает	1	Мир компьютеров	2
\.


--
-- Data for Name: quiz_options; Type: TABLE DATA; Schema: public; Owner: bytik
--

COPY public.quiz_options (id, is_correct, option_text, question_id) FROM stdin;
1	t	Выводит текст на экран	1
2	f	Читает файл	1
3	f	Считает числа	1
4	f	Рисует картинку	1
5	t	Python	2
6	f	Java	2
7	f	HTML	2
8	f	Scratch	2
9	t	5	3
10	f	23	3
11	f	2 + 3	3
12	f	Ошибку	3
13	t	x = 5	4
14	f	5 = x	4
15	f	var x = 5	4
16	f	int x = 5	4
17	t	Строка с переменными внутри	5
18	f	Быстрая строка	5
19	f	Форматированный файл	5
20	f	Специальный символ	5
21	t	float	6
22	f	int	6
23	f	str	6
24	f	bool	6
25	t	==	7
26	f	=	7
27	f	!=	7
28	f	>=	7
29	t	Да	8
30	f	Нет	8
31	f	Ошибку	8
32	f	Ничего	8
33	t	Для проверки дополнительных условий	9
34	f	Для завершения программы	9
35	f	Для создания цикла	9
36	f	Для вывода текста	9
37	t	Создаёт числа 1, 2, 3	10
38	f	Создаёт числа 1, 2, 3, 4	10
39	f	Создаёт числа 0, 1, 2, 3	10
40	f	Создаёт числа 4	10
41	t	3	11
42	f	2	11
43	f	4	11
44	f	0	11
45	t	while	12
46	f	for	12
47	f	if	12
48	f	repeat	12
49	t	Экран компьютера	13
50	f	Клавиатура	13
51	f	Мышь	13
52	f	Принтер	13
53	t	Помогает выбирать предметы на экране	14
54	f	Выводит звук	14
55	f	Печатает буквы	14
56	f	Хранит данные	14
57	t	Системный блок	15
58	f	Монитор	15
59	f	Клавиатура	15
60	f	Колонки	15
\.


--
-- Data for Name: quiz_questions; Type: TABLE DATA; Schema: public; Owner: bytik
--

COPY public.quiz_questions (id, order_index, question_text, question_type, lesson_id) FROM stdin;
1	1	Что делает функция print()?	SINGLE_CHOICE	3
2	2	Как называется язык программирования, который мы изучаем?	SINGLE_CHOICE	3
3	3	Что выведет print(2 + 3)?	SINGLE_CHOICE	3
4	1	Как создать переменную с именем x и значением 5?	SINGLE_CHOICE	6
5	2	Что такое f-строка в Python?	SINGLE_CHOICE	6
6	3	Какой тип данных у значения 3.14?	SINGLE_CHOICE	6
7	1	Какой оператор используется для проверки равенства?	SINGLE_CHOICE	9
8	2	Что выведет: if 5 > 3: print('Да')?	SINGLE_CHOICE	9
9	3	Для чего используется elif?	SINGLE_CHOICE	9
10	1	Что делает range(1, 4)?	SINGLE_CHOICE	13
11	2	Сколько раз выполнится цикл: for i in range(3)?	SINGLE_CHOICE	13
12	3	Какой цикл выполняется пока условие истинно?	SINGLE_CHOICE	13
13	1	Что такое монитор?	SINGLE_CHOICE	15
14	2	Что делает мышь?	SINGLE_CHOICE	15
15	3	Как называется 'мозг' компьютера?	SINGLE_CHOICE	15
\.


--
-- Data for Name: user_achievements; Type: TABLE DATA; Schema: public; Owner: bytik
--

COPY public.user_achievements (id, earned_at, achievement_id, user_id) FROM stdin;
1	2026-03-20 23:20:13.603488	1	1
2	2026-03-24 23:20:13.605273	2	1
\.


--
-- Data for Name: user_code_submissions; Type: TABLE DATA; Schema: public; Owner: bytik
--

COPY public.user_code_submissions (id, is_correct, output, submitted_at, submitted_code, code_task_id, user_id) FROM stdin;
\.


--
-- Data for Name: user_course_enrollment; Type: TABLE DATA; Schema: public; Owner: bytik
--

COPY public.user_course_enrollment (id, completed_at, enrolled_at, progress_percent, course_id, user_id) FROM stdin;
1	\N	2026-03-19 23:20:13.540418	38	1	1
\.


--
-- Data for Name: user_progress; Type: TABLE DATA; Schema: public; Owner: bytik
--

COPY public.user_progress (id, completed_at, score, status, lesson_id, user_id) FROM stdin;
1	2026-03-19 23:20:13.591889	100	COMPLETED	1	1
2	2026-03-20 23:20:13.594561	100	COMPLETED	2	1
3	2026-03-21 23:20:13.59562	100	COMPLETED	3	1
4	2026-03-22 23:20:13.596594	100	COMPLETED	4	1
5	2026-03-23 23:20:13.597616	100	COMPLETED	5	1
\.


--
-- Data for Name: users; Type: TABLE DATA; Schema: public; Owner: bytik
--

COPY public.users (id, avatar_url, bytes_balance, created_at, full_name, level, login, password_hash, phone, role, xp, parent_id) FROM stdin;
2	\N	0	2026-03-26 23:20:13.536942	Мария Петрова	1	parent	$2a$10$I3TvzZtHv4d1vf7Rfl5qwuswT7M.T0H64WUh9g3F/yGagWAdZxxju		PARENT	0	\N
1	\N	75	2026-03-26 23:20:13.46975	Иван Петров	2	student	$2a$10$NIL.svn6R0SylZBjYLaf/e6D0OPdj8twF8pHx4hMAbH42s4PY8bz.		STUDENT	150	2
\.


--
-- Name: achievements_id_seq; Type: SEQUENCE SET; Schema: public; Owner: bytik
--

SELECT pg_catalog.setval('public.achievements_id_seq', 8, true);


--
-- Name: certificates_id_seq; Type: SEQUENCE SET; Schema: public; Owner: bytik
--

SELECT pg_catalog.setval('public.certificates_id_seq', 1, false);


--
-- Name: code_tasks_id_seq; Type: SEQUENCE SET; Schema: public; Owner: bytik
--

SELECT pg_catalog.setval('public.code_tasks_id_seq', 5, true);


--
-- Name: courses_id_seq; Type: SEQUENCE SET; Schema: public; Owner: bytik
--

SELECT pg_catalog.setval('public.courses_id_seq', 2, true);


--
-- Name: lessons_id_seq; Type: SEQUENCE SET; Schema: public; Owner: bytik
--

SELECT pg_catalog.setval('public.lessons_id_seq', 15, true);


--
-- Name: modules_id_seq; Type: SEQUENCE SET; Schema: public; Owner: bytik
--

SELECT pg_catalog.setval('public.modules_id_seq', 5, true);


--
-- Name: quiz_options_id_seq; Type: SEQUENCE SET; Schema: public; Owner: bytik
--

SELECT pg_catalog.setval('public.quiz_options_id_seq', 60, true);


--
-- Name: quiz_questions_id_seq; Type: SEQUENCE SET; Schema: public; Owner: bytik
--

SELECT pg_catalog.setval('public.quiz_questions_id_seq', 15, true);


--
-- Name: user_achievements_id_seq; Type: SEQUENCE SET; Schema: public; Owner: bytik
--

SELECT pg_catalog.setval('public.user_achievements_id_seq', 2, true);


--
-- Name: user_code_submissions_id_seq; Type: SEQUENCE SET; Schema: public; Owner: bytik
--

SELECT pg_catalog.setval('public.user_code_submissions_id_seq', 1, false);


--
-- Name: user_course_enrollment_id_seq; Type: SEQUENCE SET; Schema: public; Owner: bytik
--

SELECT pg_catalog.setval('public.user_course_enrollment_id_seq', 1, true);


--
-- Name: user_progress_id_seq; Type: SEQUENCE SET; Schema: public; Owner: bytik
--

SELECT pg_catalog.setval('public.user_progress_id_seq', 5, true);


--
-- Name: users_id_seq; Type: SEQUENCE SET; Schema: public; Owner: bytik
--

SELECT pg_catalog.setval('public.users_id_seq', 2, true);


--
-- Name: achievements achievements_pkey; Type: CONSTRAINT; Schema: public; Owner: bytik
--

ALTER TABLE ONLY public.achievements
    ADD CONSTRAINT achievements_pkey PRIMARY KEY (id);


--
-- Name: certificates certificates_pkey; Type: CONSTRAINT; Schema: public; Owner: bytik
--

ALTER TABLE ONLY public.certificates
    ADD CONSTRAINT certificates_pkey PRIMARY KEY (id);


--
-- Name: code_tasks code_tasks_pkey; Type: CONSTRAINT; Schema: public; Owner: bytik
--

ALTER TABLE ONLY public.code_tasks
    ADD CONSTRAINT code_tasks_pkey PRIMARY KEY (id);


--
-- Name: courses courses_pkey; Type: CONSTRAINT; Schema: public; Owner: bytik
--

ALTER TABLE ONLY public.courses
    ADD CONSTRAINT courses_pkey PRIMARY KEY (id);


--
-- Name: lessons lessons_pkey; Type: CONSTRAINT; Schema: public; Owner: bytik
--

ALTER TABLE ONLY public.lessons
    ADD CONSTRAINT lessons_pkey PRIMARY KEY (id);


--
-- Name: modules modules_pkey; Type: CONSTRAINT; Schema: public; Owner: bytik
--

ALTER TABLE ONLY public.modules
    ADD CONSTRAINT modules_pkey PRIMARY KEY (id);


--
-- Name: quiz_options quiz_options_pkey; Type: CONSTRAINT; Schema: public; Owner: bytik
--

ALTER TABLE ONLY public.quiz_options
    ADD CONSTRAINT quiz_options_pkey PRIMARY KEY (id);


--
-- Name: quiz_questions quiz_questions_pkey; Type: CONSTRAINT; Schema: public; Owner: bytik
--

ALTER TABLE ONLY public.quiz_questions
    ADD CONSTRAINT quiz_questions_pkey PRIMARY KEY (id);


--
-- Name: user_progress uk8sschjnhw7q49ml9th0urvo4b; Type: CONSTRAINT; Schema: public; Owner: bytik
--

ALTER TABLE ONLY public.user_progress
    ADD CONSTRAINT uk8sschjnhw7q49ml9th0urvo4b UNIQUE (user_id, lesson_id);


--
-- Name: user_course_enrollment ukd2pwpkcs2kxcsn1ynb59rskb2; Type: CONSTRAINT; Schema: public; Owner: bytik
--

ALTER TABLE ONLY public.user_course_enrollment
    ADD CONSTRAINT ukd2pwpkcs2kxcsn1ynb59rskb2 UNIQUE (user_id, course_id);


--
-- Name: user_achievements ukehxedycprv0kd4wts369ikmw1; Type: CONSTRAINT; Schema: public; Owner: bytik
--

ALTER TABLE ONLY public.user_achievements
    ADD CONSTRAINT ukehxedycprv0kd4wts369ikmw1 UNIQUE (user_id, achievement_id);


--
-- Name: certificates ukfipjgqr5997w3i89i4mfyng9f; Type: CONSTRAINT; Schema: public; Owner: bytik
--

ALTER TABLE ONLY public.certificates
    ADD CONSTRAINT ukfipjgqr5997w3i89i4mfyng9f UNIQUE (certificate_number);


--
-- Name: users ukow0gan20590jrb00upg3va2fn; Type: CONSTRAINT; Schema: public; Owner: bytik
--

ALTER TABLE ONLY public.users
    ADD CONSTRAINT ukow0gan20590jrb00upg3va2fn UNIQUE (login);


--
-- Name: user_achievements user_achievements_pkey; Type: CONSTRAINT; Schema: public; Owner: bytik
--

ALTER TABLE ONLY public.user_achievements
    ADD CONSTRAINT user_achievements_pkey PRIMARY KEY (id);


--
-- Name: user_code_submissions user_code_submissions_pkey; Type: CONSTRAINT; Schema: public; Owner: bytik
--

ALTER TABLE ONLY public.user_code_submissions
    ADD CONSTRAINT user_code_submissions_pkey PRIMARY KEY (id);


--
-- Name: user_course_enrollment user_course_enrollment_pkey; Type: CONSTRAINT; Schema: public; Owner: bytik
--

ALTER TABLE ONLY public.user_course_enrollment
    ADD CONSTRAINT user_course_enrollment_pkey PRIMARY KEY (id);


--
-- Name: user_progress user_progress_pkey; Type: CONSTRAINT; Schema: public; Owner: bytik
--

ALTER TABLE ONLY public.user_progress
    ADD CONSTRAINT user_progress_pkey PRIMARY KEY (id);


--
-- Name: users users_pkey; Type: CONSTRAINT; Schema: public; Owner: bytik
--

ALTER TABLE ONLY public.users
    ADD CONSTRAINT users_pkey PRIMARY KEY (id);


--
-- Name: user_course_enrollment fk1pi9tjcplxx70newtuxg6nyjn; Type: FK CONSTRAINT; Schema: public; Owner: bytik
--

ALTER TABLE ONLY public.user_course_enrollment
    ADD CONSTRAINT fk1pi9tjcplxx70newtuxg6nyjn FOREIGN KEY (course_id) REFERENCES public.courses(id);


--
-- Name: users fk4ty2qb76gscl4oi0yugg5gywc; Type: FK CONSTRAINT; Schema: public; Owner: bytik
--

ALTER TABLE ONLY public.users
    ADD CONSTRAINT fk4ty2qb76gscl4oi0yugg5gywc FOREIGN KEY (parent_id) REFERENCES public.users(id);


--
-- Name: user_course_enrollment fk664p6o80tpc22d77jic0307s8; Type: FK CONSTRAINT; Schema: public; Owner: bytik
--

ALTER TABLE ONLY public.user_course_enrollment
    ADD CONSTRAINT fk664p6o80tpc22d77jic0307s8 FOREIGN KEY (user_id) REFERENCES public.users(id);


--
-- Name: user_achievements fk6vt5fpu0uta41vny1x6vpk45k; Type: FK CONSTRAINT; Schema: public; Owner: bytik
--

ALTER TABLE ONLY public.user_achievements
    ADD CONSTRAINT fk6vt5fpu0uta41vny1x6vpk45k FOREIGN KEY (user_id) REFERENCES public.users(id);


--
-- Name: user_achievements fk8ipvec6cs8t3g8515thtlsxuf; Type: FK CONSTRAINT; Schema: public; Owner: bytik
--

ALTER TABLE ONLY public.user_achievements
    ADD CONSTRAINT fk8ipvec6cs8t3g8515thtlsxuf FOREIGN KEY (achievement_id) REFERENCES public.achievements(id);


--
-- Name: modules fk8qnnp812q1jd38fx7mxrhpw9; Type: FK CONSTRAINT; Schema: public; Owner: bytik
--

ALTER TABLE ONLY public.modules
    ADD CONSTRAINT fk8qnnp812q1jd38fx7mxrhpw9 FOREIGN KEY (course_id) REFERENCES public.courses(id);


--
-- Name: user_code_submissions fka4s5r81q2tc67bout8q83l03; Type: FK CONSTRAINT; Schema: public; Owner: bytik
--

ALTER TABLE ONLY public.user_code_submissions
    ADD CONSTRAINT fka4s5r81q2tc67bout8q83l03 FOREIGN KEY (code_task_id) REFERENCES public.code_tasks(id);


--
-- Name: code_tasks fkbe2bq2nbevqs2vmam7yrkhwgp; Type: FK CONSTRAINT; Schema: public; Owner: bytik
--

ALTER TABLE ONLY public.code_tasks
    ADD CONSTRAINT fkbe2bq2nbevqs2vmam7yrkhwgp FOREIGN KEY (lesson_id) REFERENCES public.lessons(id);


--
-- Name: certificates fkd3f6enpb3p3xovee9klklf05r; Type: FK CONSTRAINT; Schema: public; Owner: bytik
--

ALTER TABLE ONLY public.certificates
    ADD CONSTRAINT fkd3f6enpb3p3xovee9klklf05r FOREIGN KEY (user_id) REFERENCES public.users(id);


--
-- Name: user_code_submissions fkgi9np76nqlhaor8qbmf7upuxh; Type: FK CONSTRAINT; Schema: public; Owner: bytik
--

ALTER TABLE ONLY public.user_code_submissions
    ADD CONSTRAINT fkgi9np76nqlhaor8qbmf7upuxh FOREIGN KEY (user_id) REFERENCES public.users(id);


--
-- Name: quiz_questions fkgjxkx1ebvfr0enc890d2ax39x; Type: FK CONSTRAINT; Schema: public; Owner: bytik
--

ALTER TABLE ONLY public.quiz_questions
    ADD CONSTRAINT fkgjxkx1ebvfr0enc890d2ax39x FOREIGN KEY (lesson_id) REFERENCES public.lessons(id);


--
-- Name: quiz_options fkhkuvmd7qk1lmtq3hy9htpinkr; Type: FK CONSTRAINT; Schema: public; Owner: bytik
--

ALTER TABLE ONLY public.quiz_options
    ADD CONSTRAINT fkhkuvmd7qk1lmtq3hy9htpinkr FOREIGN KEY (question_id) REFERENCES public.quiz_questions(id);


--
-- Name: user_progress fkk20r0wgq69ilv4py005filedb; Type: FK CONSTRAINT; Schema: public; Owner: bytik
--

ALTER TABLE ONLY public.user_progress
    ADD CONSTRAINT fkk20r0wgq69ilv4py005filedb FOREIGN KEY (lesson_id) REFERENCES public.lessons(id);


--
-- Name: user_progress fkrt37sneeps21829cuqetjm5ye; Type: FK CONSTRAINT; Schema: public; Owner: bytik
--

ALTER TABLE ONLY public.user_progress
    ADD CONSTRAINT fkrt37sneeps21829cuqetjm5ye FOREIGN KEY (user_id) REFERENCES public.users(id);


--
-- Name: certificates fks5rftqrsgkog7h4piv3f7a9s6; Type: FK CONSTRAINT; Schema: public; Owner: bytik
--

ALTER TABLE ONLY public.certificates
    ADD CONSTRAINT fks5rftqrsgkog7h4piv3f7a9s6 FOREIGN KEY (course_id) REFERENCES public.courses(id);


--
-- Name: lessons fkt9yjhjbd9y3w6fxs66ny1wu02; Type: FK CONSTRAINT; Schema: public; Owner: bytik
--

ALTER TABLE ONLY public.lessons
    ADD CONSTRAINT fkt9yjhjbd9y3w6fxs66ny1wu02 FOREIGN KEY (module_id) REFERENCES public.modules(id);


--
-- Name: SCHEMA public; Type: ACL; Schema: -; Owner: bytik
--

REVOKE USAGE ON SCHEMA public FROM PUBLIC;


--
-- PostgreSQL database dump complete
--

\unrestrict UC47eVD4YVNNqyeKaIsk1ptp1J3BB2BrDqjIVSpp6nkqKgvaPgA2J3S9acFObPo

